Source,Title,Link
Kompas,"Gudang Kimia yang Terbakar di Tangsel Disegel, Kini Diawasi Menteri LH                        




                                        News


13 Februari 2026",https://megapolitan.kompas.com/read/2026/02/13/12165041/gudang-kimia-yang-terbakar-di-tangsel-disegel-kini-diawasi-menteri-lh?page=all
Kompas,"Afri Tak Kuasa Menahan Tangis, Rumahnya di Mampang Terbakar Habis...                        




                                        News


13 Februari 2026",https://megapolitan.kompas.com/read/2026/02/13/12151411/afri-tak-kuasa-menahan-tangis-rumahnya-di-mampang-terbakar-habis?page=all
Kompas,"Prabowo Ungkap Curhatan Pengusaha Apindo, Singgung MBG Beri Dampak Ekonomi                        




                                        News


13 Februari 2026",https://nasional.kompas.com/read/2026/02/13/12123591/prabowo-ungkap-curhatan-pengusaha-apindo-singgung-mbg-beri-dampak-ekonomi?page=all
Kompas,"Benarkah Truk Tak Punya Rem Darurat Saat Gagal Nanjak?                        




                                        Otomotif


13 Februari 2026",https://otomotif.kompas.com/read/2026/02/13/121200115/benarkah-truk-tak-punya-rem-darurat-saat-gagal-nanjak-?page=all
Kompas,"Dispendik Jember Gandeng KPAI Pulihkan Psikologis Siswa yang Diminta Telanjang oleh Gurunya                        




                                        Regional


13 Februari 2026",https://surabaya.kompas.com/read/2026/02/13/120605178/dispendik-jember-gandeng-kpai-pulihkan-psikologis-siswa-yang-diminta?page=all
Kompas,"Menengok Gedung 5 Lantai yang Mangkrak di Pusat Kota Pangkalpinang, Jadi Sarang Belukar                        




                                        Regional


13 Februari 2026",https://regional.kompas.com/read/2026/02/13/120424778/menengok-gedung-5-lantai-yang-mangkrak-di-pusat-kota-pangkalpinang-jadi?page=all
Kompas,"KAI: Tiket Kereta untuk Libur Panjang Imlek 2026 Masih Tersedia                        




                                        Money


13 Februari 2026",https://money.kompas.com/read/2026/02/13/120400026/kai--tiket-kereta-untuk-libur-panjang-imlek-2026-masih-tersedia?page=all
Kompas,"Wacana Pemangkasan Produksi Batu Bara Dinilai Harus Tingkatkan Bauran EBT                        




                                        Lestari


13 Februari 2026",https://lestari.kompas.com/read/2026/02/13/120203186/wacana-pemangkasan-produksi-batu-bara-dinilai-harus-tingkatkan-bauran-ebt?page=all
Kompas,"Pengalaman Test Drive iCar V23 di IIMS 2026                        




                                        Otomotif


13 Februari 2026",https://otomotif.kompas.com/read/2026/02/13/120200215/pengalaman-test-drive-icar-v23-di-iims-2026?page=all
Kompas,"Tren Pindah Negara Orang-orang Super Kaya, Ini Destinasi Favoritnya                        




                                        Money


13 Februari 2026",https://money.kompas.com/read/2026/02/13/120000926/tren-pindah-negara-orang-orang-super-kaya-ini-destinasi-favoritnya?page=all
Kompas,"Ramalan Zodiak Taurus 13 Februari, Hindari Perdebatan di Tempat Kerja                        




                                        Lifestyle


13 Februari 2026",https://lifestyle.kompas.com/read/2026/02/13/120000220/ramalan-zodiak-taurus-13-februari-hindari-perdebatan-di-tempat-kerja?page=all
Kompas,"Ekonomi Digital ASEAN Berpotensi Rp 16.828 T, Thailand Catat Adopsi AI Tertinggi                        




                                        Money


13 Februari 2026",https://money.kompas.com/read/2026/02/13/115940526/ekonomi-digital-asean-berpotensi-rp-16828-t-thailand-catat-adopsi-ai-tertinggi?page=all
Kompas,"Tak Ada Lagi Ajakan Berdoa Sebelum Tidur, Tangis Wilhelmina Lepas Kepergian Sang Cucu                        




                                        Regional


13 Februari 2026",https://regional.kompas.com/read/2026/02/13/115923178/tak-ada-lagi-ajakan-berdoa-sebelum-tidur-tangis-wilhelmina-lepas-kepergian?page=all
Kompas,"KPK Bantah Ada Penyidik Bernama Bayu Sigit Temui Teman Ida Fauziyah di Kasus Haji                        




                                        News


13 Februari 2026",https://nasional.kompas.com/read/2026/02/13/11580401/kpk-bantah-ada-penyidik-bernama-bayu-sigit-temui-teman-ida-fauziyah-di-kasus?page=all
Kompas,"Palsukan Surat Tanah untuk Pembebasan Jalan Tol di Riau, Kades dan Mantan Sekdes Ditangkap                        




                                        Regional


13 Februari 2026",https://regional.kompas.com/read/2026/02/13/115633778/palsukan-surat-tanah-untuk-pembebasan-jalan-tol-di-riau-kades-dan-mantan?page=all
Kompas,"Jelang Ramadan 2026, Pertamina Tinjau Kesiapan Operasional dan Jalin Sinergi dengan Kejati Sulut                        




                                        Regional


13 Februari 2026",https://regional.kompas.com/read/2026/02/13/115553878/jelang-ramadan-2026-pertamina-tinjau-kesiapan-operasional-dan-jalin-sinergi?page=all
Kompas,"Perbaikan Stadion Pakansari Cibinong yang Rusak Disapu Angin Kencang Dilakukan Bertahap                        




                                        Regional


13 Februari 2026",https://regional.kompas.com/read/2026/02/13/115445778/perbaikan-stadion-pakansari-cibinong-yang-rusak-disapu-angin-kencang?page=all
Kompas,"Cara Ikut Mudik Gratis ASABRI 2026, Rute Jakarta–Semarang dan Jakarta–Solo                        




                                        Travel


13 Februari 2026",https://travel.kompas.com/read/2026/02/13/115356127/cara-ikut-mudik-gratis-asabri-2026-rute-jakartasemarang-dan-jakartasolo?page=all
Kompas,"Dorong Ekonomi Sirkular, CCEP Reaktivasi 12 Bank Sampah                        




                                        Money


13 Februari 2026",https://money.kompas.com/read/2026/02/13/115251126/dorong-ekonomi-sirkular-ccep-reaktivasi-12-bank-sampah?page=all
Kompas,"Korban Tewas Miras Oplosan di Jepara Bertambah Jadi 7 Orang, 3 Dirawat                        




                                        Regional


13 Februari 2026",https://regional.kompas.com/read/2026/02/13/115234178/korban-tewas-miras-oplosan-di-jepara-bertambah-jadi-7-orang-3-dirawat?page=all
Kompas,"Harga Emas HRTA 13 Februari 2026 Turun ke Level Rp 2,86 Juta per Gram                        




                                        Money


13 Februari 2026",https://money.kompas.com/read/2026/02/13/115150626/harga-emas-hrta-13-februari-2026-turun-ke-level-rp-286-juta-per-gram?page=all
Kompas,"Tiga Mata Uang ‘Safe Heaven’ Ini Mulai Kehilangan Pamor                        




                                        Money


13 Februari 2026",https://money.kompas.com/read/2026/02/13/115000526/tiga-mata-uang-safe-heaven-ini-mulai-kehilangan-pamor?page=all
Kompas,"Serikat Buruh Gelar Aksi Besar pada 16-17 Februari, Desak DPR Sahkan RUU Ketenagakerjaan                        




                                        News


13 Februari 2026",https://nasional.kompas.com/read/2026/02/13/11465031/serikat-buruh-gelar-aksi-besar-pada-16-17-februari-desak-dpr-sahkan-ruu?page=all
Kompas,"Pemerintah Cek Lapangan 11 Juta PBI JK Nonaktif, Target 2 Bulan Selesai                        




                                        News


13 Februari 2026",https://nasional.kompas.com/read/2026/02/13/11455901/pemerintah-cek-lapangan-11-juta-pbi-jk-nonaktif-target-2-bulan-selesai?page=all
Kompas,"Kisah Cinta Difabel Sumenep, Kaligrafi Jadi Tanda Kasih Sayang yang Tak Pernah Cacat                        




                                        Regional


13 Februari 2026",https://surabaya.kompas.com/read/2026/02/13/114549278/kisah-cinta-difabel-sumenep-kaligrafi-jadi-tanda-kasih-sayang-yang-tak?page=all
Kompas,"96.000 Peserta BPJS PBI di Kaltim Nonaktif, Ini Penjelasan Lengkap BPJS Kesehatan soal Reaktivasi                        




                                        Regional


13 Februari 2026",https://regional.kompas.com/read/2026/02/13/114458578/96000-peserta-bpjs-pbi-di-kaltim-nonaktif-ini-penjelasan-lengkap-bpjs?page=all
Kompas,"Buka 160 PPDS, Kemdiktisaintek Beri Warning: Jangan Ada Bullying, Apalagi Bunuh Diri                        




                                        Edukasi


13 Februari 2026",https://edukasi.kompas.com/read/2026/02/13/114445271/buka-160-ppds-kemdiktisaintek-beri-warning-jangan-ada-bullying-apalagi-bunuh?page=all
Kompas,"KPK Sebut BPK Sudah Koordinasi Sebelum Periksa Eks Menag Yaqut                         




                                        News


13 Februari 2026",https://nasional.kompas.com/read/2026/02/13/11441001/kpk-sebut-bpk-sudah-koordinasi-sebelum-periksa-eks-menag-yaqut?page=all
Kompas,"Mudik Gratis Pegadaian 2026 Dibuka, Cek Rute dan Cara Daftarnya                        




                                        Money


13 Februari 2026",https://money.kompas.com/read/2026/02/13/114346726/mudik-gratis-pegadaian-2026-dibuka-cek-rute-dan-cara-daftarnya?page=all
Kompas,"Jelang Munggahan dan Ramadhan, Harga Daging dan Cabai Merangkak Naik di Sumedang                        




                                        Regional


13 Februari 2026",https://regional.kompas.com/read/2026/02/13/114345678/jelang-munggahan-dan-ramadhan-harga-daging-dan-cabai-merangkak-naik-di?page=all
Kompas,"Strategi Penjualan Hyundai Indonesia di 2026                        




                                        Otomotif


13 Februari 2026",https://otomotif.kompas.com/read/2026/02/13/114200715/strategi-penjualan-hyundai-indonesia-di-2026?page=all
Kompas,"Pemkot Tangsel Disebut Bisa Cabut Izin Gudang Kimia yang Halangi Pemeriksaan                        




                                        News


13 Februari 2026",https://megapolitan.kompas.com/read/2026/02/13/11415221/pemkot-tangsel-disebut-bisa-cabut-izin-gudang-kimia-yang-halangi?page=all
Kompas,"Mufidza, Perempuan Bibit Atlet Tinju Asuhan TNI yang Sehari-hari Jualan Dawet                        




                                        Regional


13 Februari 2026",https://surabaya.kompas.com/read/2026/02/13/114043678/mufidza-perempuan-bibit-atlet-tinju-asuhan-tni-yang-sehari-hari-jualan?page=all
Kompas,"Jadi Pelindo Sinergi Lokaseva, Anak Usaha Pelindo Fokus Integrasi Pelabuhan dan Kawasan Industri                        




                                        Money


13 Februari 2026",https://money.kompas.com/read/2026/02/13/114000726/jadi-pelindo-sinergi-lokaseva-anak-usaha-pelindo-fokus-integrasi-pelabuhan-dan?page=all
Kompas,"Dampak Skandal Mohan Hazian, Rider dan BA Thanksinsomnia Putus Kerja Sama Serentak                        




                                        Hype


13 Februari 2026",https://entertainment.kompas.com/read/2026/02/13/113725166/dampak-skandal-mohan-hazian-rider-dan-ba-thanksinsomnia-putus-kerja?page=all
Kompas,"Prabowo Sebut MBG Mungkin Tak Penting bagi Orang Kaya, tapi Diperlukan Mayoritas Warga                        




                                        News


13 Februari 2026",https://nasional.kompas.com/read/2026/02/13/11370451/prabowo-sebut-mbg-mungkin-tak-penting-bagi-orang-kaya-tapi-diperlukan?page=all
Kompas,"Riset UI Ungkap Alasan Psikologis Orang Ambil Pinjol dan Investasi Bodong                        




                                        Edukasi


13 Februari 2026",https://edukasi.kompas.com/read/2026/02/13/113500371/riset-ui-ungkap-alasan-psikologis-orang-ambil-pinjol-dan-investasi-bodong?page=all
Kompas,"Jelang Ramadhan, Pemkab Bener Meriah Gelar Operasi Pasar Murah di 3 Kecamatan                        




                                        Regional


13 Februari 2026",https://regional.kompas.com/read/2026/02/13/113448578/jelang-ramadhan-pemkab-bener-meriah-gelar-operasi-pasar-murah-di-3?page=all
Kompas,"Prabowo Nyatakan Defisit Anggaran Masih Aman, 3 Persen dari PDB                        




                                        News


13 Februari 2026",https://nasional.kompas.com/read/2026/02/13/11335801/prabowo-nyatakan-defisit-anggaran-masih-aman-3-persen-dari-pdb?page=all
Kompas,"Jalan Tole Iskandar Depok Banyak Lubang, 5 Tahun Rusak Hanya Ditambal                        




                                        News


13 Februari 2026",https://megapolitan.kompas.com/read/2026/02/13/11313981/jalan-tole-iskandar-depok-banyak-lubang-5-tahun-rusak-hanya-ditambal?page=all
Kompas,"e-Platform Jadi Dasar Arsitektur Kendaraan Listrik BYD                        




                                        Otomotif


13 Februari 2026",https://otomotif.kompas.com/read/2026/02/13/113100915/e-platform-jadi-dasar-arsitektur-kendaraan-listrik-byd?page=all
Kompas,"Ramalan Zodiak Aries Hari Ini, Saatnya Ambil Inisiatif                        




                                        Lifestyle


13 Februari 2026",https://lifestyle.kompas.com/read/2026/02/13/113000620/ramalan-zodiak-aries-hari-ini-saatnya-ambil-inisiatif?page=all
Kompas,"Diduga Tenggelam, WN China Ditemukan Tewas Mengapung di Pantai Canna Bali                        




                                        Regional


13 Februari 2026",https://denpasar.kompas.com/read/2026/02/13/112957178/diduga-tenggelam-wn-china-ditemukan-tewas-mengapung-di-pantai-canna-bali?page=all
Kompas,"Mengintip Kelenteng Siu Hok Bio, Kelenteng Paling Tua di Pecinan Semarang                        




                                        Regional


13 Februari 2026",https://regional.kompas.com/read/2026/02/13/112955578/mengintip-kelenteng-siu-hok-bio-kelenteng-paling-tua-di-pecinan-semarang?page=all
Kompas,"Jelang Ramadhan, Harga Daging dan Cabai di Sumedang Merangkak Naik                        




                                        Regional


13 Februari 2026",https://bandung.kompas.com/read/2026/02/13/112904378/jelang-ramadhan-harga-daging-dan-cabai-di-sumedang-merangkak-naik?page=all
Kompas,"Pemutihan Tunggakan Iuran BPJS Kesehatan Diminta Berpihak ke Masyarakat Miskin                        




                                        News


13 Februari 2026",https://nasional.kompas.com/read/2026/02/13/11251481/pemutihan-tunggakan-iuran-bpjs-kesehatan-diminta-berpihak-ke-masyarakat?page=all
Kompas,"Benfica Susun Proposal Perpanjangan Kontrak Target Barcelona, Sertakan Klausul Rp 1,5 Triliun                        




                                        Bola


13 Februari 2026",https://bola.kompas.com/read/2026/02/13/11243468/benfica-susun-proposal-perpanjangan-kontrak-target-barcelona-sertakan-klausul-rp?page=all
Kompas,"Segini Biaya Perbaikan di AppleCare+ Indonesia                        




                                        Tekno


13 Februari 2026",https://tekno.kompas.com/read/2026/02/13/11230077/segini-biaya-perbaikan-di-applecare-indonesia?page=all
Kompas,"Prabowo Resmikan 1.072 SPPG-18 Gudang Ketahanan Pangan Polri                        




                                        News


13 Februari 2026",https://nasional.kompas.com/read/2026/02/13/11225681/prabowo-resmikan-1072-sppg-18-gudang-ketahanan-pangan-polri?page=all
Kompas,"KPR Lunas Tapi Sertifikat Rumah Belum Jadi, Ketahui Penyebabnya                        




                                        Properti


13 Februari 2026",https://properti.kompas.com/read/2026/02/13/112243721/kpr-lunas-tapi-sertifikat-rumah-belum-jadi-ketahui-penyebabnya?page=all
Kompas,"Simulasi Kredit Mobil Listrik Xpeng di IIMS 2026                        




                                        Otomotif


13 Februari 2026",https://otomotif.kompas.com/read/2026/02/13/112200315/simulasi-kredit-mobil-listrik-xpeng-di-iims-2026?page=all
Kompas,"Kisah Musa, Niat Bantu Teman Lunasi Utang Malah Berujung Teror                        




                                        Regional


13 Februari 2026",https://regional.kompas.com/read/2026/02/13/112154578/kisah-musa-niat-bantu-teman-lunasi-utang-malah-berujung-teror?page=all
Kompas,"Prabowo Minta Qodari Kumpulkan Video Hina MBG, Mau Ditonton Tiap Malam                        




                                        News


13 Februari 2026",https://nasional.kompas.com/read/2026/02/13/11182961/prabowo-minta-qodari-kumpulkan-video-hina-mbg-mau-ditonton-tiap-malam?page=all
Kompas,"MBG, Guru Honorer, dan Ironi Kesejahteraan Pendidik                        




                                        News


13 Februari 2026",https://nasional.kompas.com/read/2026/02/13/11174281/mbg-guru-honorer-dan-ironi-kesejahteraan-pendidik?page=all
Kompas,"4 Hari Tak Bisa Dihubungi, Pensiunan Dosen Ditemukan Meninggal di Nusa Penida                        




                                        Regional


13 Februari 2026",https://denpasar.kompas.com/read/2026/02/13/111729778/4-hari-tak-bisa-dihubungi-pensiunan-dosen-ditemukan-meninggal-di-nusa?page=all
Kompas,"2 Hari Usai Kebakaran 16 Rumah di Mampang, Api Sempat Muncul Lagi                        




                                        News


13 Februari 2026",https://megapolitan.kompas.com/read/2026/02/13/11171081/2-hari-usai-kebakaran-16-rumah-di-mampang-api-sempat-muncul-lagi?page=all
Kompas,"Tujuh Bencana Sehari, Longsor, Banjir hingga Angin Kencang Terjadi di Jabar, Dipicu Cuaca Ekstrem                        




                                        Regional


13 Februari 2026",https://bandung.kompas.com/read/2026/02/13/111636478/tujuh-bencana-sehari-longsor-banjir-hingga-angin-kencang-terjadi-di-jabar?page=all
Kompas,"Puji Kapolri, Prabowo Bahagia Polri Mengurusi MBG                        




                                        News


13 Februari 2026",https://nasional.kompas.com/read/2026/02/13/11161911/puji-kapolri-prabowo-bahagia-polri-mengurusi-mbg?page=all
Kompas,"Histeria Warga Palmerah Saat Prabowo Tiba: Ya Allah Pak, Saya Orang Kecil                        




                                        News


13 Februari 2026",https://megapolitan.kompas.com/read/2026/02/13/11120271/histeria-warga-palmerah-saat-prabowo-tiba-ya-allah-pak-saya-orang-kecil?page=all
Kompas,"Penjelasan KNKT Kenapa Truk Sering Mundur saat Tak Kuat Nanjak                        




                                        Otomotif


13 Februari 2026",https://otomotif.kompas.com/read/2026/02/13/111200715/penjelasan-knkt-kenapa-truk-sering-mundur-saat-tak-kuat-nanjak?page=all
Kompas,"Kasih Sayang Guru Pendamping, Taklukkan Tangis dan Tantrum Anak Berkebutuhan Khusus                        




                                        Regional


13 Februari 2026",https://surabaya.kompas.com/read/2026/02/13/111142078/kasih-sayang-guru-pendamping-taklukkan-tangis-dan-tantrum-anak-berkebutuhan?page=all
Kompas,"Menghidupkan Jalur Tertua Nusantara, Visi Strategis KAI dalam Reaktivasi Kedungjati–Tanggung                        




                                        Money


13 Februari 2026",https://money.kompas.com/read/2026/02/13/111138326/menghidupkan-jalur-tertua-nusantara-visi-strategis-kai-dalam-reaktivasi?page=all
Kompas,"Kebakaran Gudang Kimia di Tangsel, Pemkot Disebut Perlu Tegaskan Jarak Aman                        




                                        News


13 Februari 2026",https://megapolitan.kompas.com/read/2026/02/13/11112251/kebakaran-gudang-kimia-di-tangsel-pemkot-disebut-perlu-tegaskan-jarak?page=all
Kompas,"Sebut Masih Banyak Kebocoran, Prabowo: Saya Ingin Menyelamatkan Kekayaan Negara                        




                                        News


13 Februari 2026",https://nasional.kompas.com/read/2026/02/13/11093661/sebut-masih-banyak-kebocoran-prabowo-saya-ingin-menyelamatkan-kekayaan?page=all
Kompas,"Standar Global untuk Masa Depan Kesehatan, PT Cordlife Persada Raih Akreditasi AABB                        




                                        Advertorial


13 Februari 2026",https://biz.kompas.com/read/2026/02/13/110910228/standar-global-untuk-masa-depan-kesehatan-pt-cordlife-persada-raih-akreditasi?page=all
Kompas,"Mudik Gratis BUMN Tersedia untuk 100.000 Pemudik, Simak Syarat dan Cara Daftarnya                        




                                        Money


13 Februari 2026",https://money.kompas.com/read/2026/02/13/110900326/mudik-gratis-bumn-tersedia-untuk-100.000-pemudik-simak-syarat-dan-cara?page=all
Kompas,"Kaget Pajak Kendaraan Naik, Warga Semarang: Gaji Tidak Naik-naik, Masak Pajak Kendaraan Naik Terus                        




                                        Regional


13 Februari 2026",https://regional.kompas.com/read/2026/02/13/110705678/kaget-pajak-kendaraan-naik-warga-semarang-gaji-tidak-naik-naik-masak-pajak?page=all
Kompas,"Motor Masuk Kolong Bus Transjakarta di Flyover Cijantung, Pengendara Diduga Mengantuk                        




                                        News


13 Februari 2026",https://megapolitan.kompas.com/read/2026/02/13/11060351/motor-masuk-kolong-bus-transjakarta-di-flyover-cijantung-pengendara?page=all
Kompas,"TNI AU Kedatangan 2 Jet Latih Tempur T-50i dari Korsel                         




                                        News


13 Februari 2026",https://nasional.kompas.com/read/2026/02/13/11055961/tni-au-kedatangan-2-jet-latih-tempur-t-50i-dari-korsel?page=all
Kompas,"Kapolri Ungkap Pesan Prabowo: Kita Harus Jadi Polisi Rakyat                        




                                        News


13 Februari 2026",https://nasional.kompas.com/read/2026/02/13/11055791/kapolri-ungkap-pesan-prabowo-kita-harus-jadi-polisi-rakyat?page=all
Kompas,"Tampil Apik dengan Como, Jean Butez Dipantau Pelatih Timnas Perancis                        




                                        Bola


13 Februari 2026",https://bola.kompas.com/read/2026/02/13/11041218/tampil-apik-dengan-como-jean-butez-dipantau-pelatih-timnas-perancis?page=all
Kompas,"Bulan Paling Beruntung dan Tak Beruntung 12 Shio di Tahun Kuda Api 2026                        




                                        Lifestyle


13 Februari 2026",https://lifestyle.kompas.com/read/2026/02/13/110300020/bulan-paling-beruntung-dan-tak-beruntung-12-shio-di-tahun-kuda-api-2026?page=all
Kompas,"iPhone 17 Laris di China Ternyata karena Alasan Sederhana                        




                                        Tekno


13 Februari 2026",https://tekno.kompas.com/read/2026/02/13/11030027/iphone-17-laris-di-china-ternyata-karena-alasan-sederhana?page=all
Kompas,"Pilihan Motor di Atas Rp 200 Juta di IIMS 2026                        




                                        Otomotif


13 Februari 2026",https://otomotif.kompas.com/read/2026/02/13/110200015/pilihan-motor-di-atas-rp-200-juta-di-iims-2026?page=all
Kompas,"Jukir Liar Dilaporkan Marak di Palangka Raya, Ada di Rumah Sakit hingga Taman                        




                                        Regional


13 Februari 2026",https://regional.kompas.com/read/2026/02/13/110146278/jukir-liar-dilaporkan-marak-di-palangka-raya-ada-di-rumah-sakit-hingga?page=all
Kompas,"KAI Bakal Reaktivasi Jalur Bersejarah Kedungjati–Tanggung                         




                                        Money


13 Februari 2026",https://money.kompas.com/read/2026/02/13/110000726/kai-bakal-reaktivasi-jalur-bersejarah-kedungjati-tanggung-?page=all
Kompas,"Prabowo: Saya Diejek dan Dihina Profesor Terkenal Saat Lancarkan MBG                        




                                        News


13 Februari 2026",https://nasional.kompas.com/read/2026/02/13/10572341/prabowo-saya-diejek-dan-dihina-profesor-terkenal-saat-lancarkan-mbg?page=all
Kompas,"Banjir di Jember, 3 Jembatan Putus dan 1 Pesantren Terdampak                        




                                        Regional


13 Februari 2026",https://surabaya.kompas.com/read/2026/02/13/105715378/banjir-di-jember-3-jembatan-putus-dan-1-pesantren-terdampak?page=all
Kompas,"Viral Jalan Abdul Muis di Belakang Kemenhub Berlubang, Begini Kondisinya Kini                        




                                        News


13 Februari 2026",https://megapolitan.kompas.com/read/2026/02/13/10560771/viral-jalan-abdul-muis-di-belakang-kemenhub-berlubang-begini-kondisinya?page=all
Kompas,"Jalur Pantura Cirebon Terendam Banjir, Kendaraan Menuju Jakarta Sempat Tersendat                        




                                        Regional


13 Februari 2026",https://bandung.kompas.com/read/2026/02/13/105510978/jalur-pantura-cirebon-terendam-banjir-kendaraan-menuju-jakarta-sempat?page=all
Kompas,"Bus Indorent Tabrak Truk di Tol Ngawi, Pramugari Tewas, 33 Orang Terluka                        




                                        Regional


13 Februari 2026",https://surabaya.kompas.com/read/2026/02/13/104909678/bus-indorent-tabrak-truk-di-tol-ngawi-pramugari-tewas-33-orang-terluka?page=all
Kompas,"Diskon Tiket Pesawat Mudik Lebaran 2026 Pelita Air, Berlaku untuk 11 Rute                        




                                        Travel


13 Februari 2026",https://travel.kompas.com/read/2026/02/13/104903427/diskon-tiket-pesawat-mudik-lebaran-2026-pelita-air-berlaku-untuk-11-rute?page=all
Kompas,"Jalan Rusak Bikin Hasil Panen Durian ""Badui"" di Krayan yang Melimpah hanya Jadi Pakan Babi                        




                                        Regional


13 Februari 2026",https://regional.kompas.com/read/2026/02/13/104726978/jalan-rusak-bikin-hasil-panen-durian-badui-di-krayan-yang-melimpah-hanya?page=all
Kompas,"Kapolri Targetkan Bangun 1.500 SPPG Polri di Seluruh Indonesia pada 2026                        




                                        News


13 Februari 2026",https://nasional.kompas.com/read/2026/02/13/10435241/kapolri-targetkan-bangun-1500-sppg-polri-di-seluruh-indonesia-pada-2026?page=all
Kompas,"Sayang Dibuang, Mahal Diperbaiki: Alasan Masyarakat Menimbun Barang Elektronik Bekas                        




                                        News


13 Februari 2026",https://megapolitan.kompas.com/read/2026/02/13/10431461/sayang-dibuang-mahal-diperbaiki-alasan-masyarakat-menimbun-barang?page=all
Kompas,"14 Tahun Lalu Steam Rilis Platform Kontroversial, Awal Mula Membludaknya Game di Steam                        




                                        Tekno


13 Februari 2026",https://tekno.kompas.com/read/2026/02/12/19030047/14-tahun-lalu-steam-rilis-platform-kontroversial-awal-mula-membludaknya-game-di?page=all
Kompas,"Swedia Lirik Investasi Multi Sektor di Jatim                         




                                        Money


13 Februari 2026",https://money.kompas.com/read/2026/02/13/104303426/swedia-lirik-investasi-multi-sektor-di-jatim?page=all
Kompas,"Prabowo: Saya Dituduh Hamburkan Uang untuk MBG, padahal Hasil Penghematan                        




                                        News


13 Februari 2026",https://nasional.kompas.com/read/2026/02/13/10421451/prabowo-saya-dituduh-hamburkan-uang-untuk-mbg-padahal-hasil-penghematan?page=all
Kompas,"Hitung Skema Kredit QJMotor Tourino 250 DX di IIMS 2026                        




                                        Otomotif


13 Februari 2026",https://otomotif.kompas.com/read/2026/02/13/104200115/hitung-skema-kredit-qjmotor-tourino-250-dx-di-iims-2026?page=all
Kompas,"Jejak Racun di Balik Elektronik Bekas: Bahaya Buang E-Waste Sembarangan                        




                                        News


13 Februari 2026",https://megapolitan.kompas.com/read/2026/02/13/10415741/jejak-racun-di-balik-elektronik-bekas-bahaya-buang-e-waste-sembarangan?page=all
Kompas,"Kebakaran Gudang Kimia di Tangsel Disebut Punya Dampak Panjang bagi Lingkungan                        




                                        News


13 Februari 2026",https://megapolitan.kompas.com/read/2026/02/13/10411501/kebakaran-gudang-kimia-di-tangsel-disebut-punya-dampak-panjang-bagi?page=all
Kompas,"Cegah Pengunjung Mandi di Air Mancur, Alun-alun Merdeka Malang Akan Dipasangi Pagar                        




                                        Regional


13 Februari 2026",https://surabaya.kompas.com/read/2026/02/13/103943378/cegah-pengunjung-mandi-di-air-mancur-alun-alun-merdeka-malang-akan?page=all
Kompas,"5 Cara Mengatasi Rambut Rusak akibat Proses Pewarnaan                        




                                        Lifestyle


13 Februari 2026",https://lifestyle.kompas.com/read/2026/02/13/103500120/5-cara-mengatasi-rambut-rusak-akibat-proses-pewarnaan?page=all
Kompas,"Link dan Cara Tukar Uang Baru Lebaran 2026 via Pintar BI, Buka Hari Ini                        




                                        Tekno


13 Februari 2026",https://tekno.kompas.com/read/2026/02/13/10350087/link-dan-cara-tukar-uang-baru-lebaran-2026-via-pintar-bi-buka-hari-ini?page=all
Kompas,"Ibu Simpan 2 Bayi Baru Lahir di Freezer sampai Tewas, Kini Ditahan                        




                                        Global


13 Februari 2026",https://internasional.kompas.com/read/2026/02/13/103357570/ibu-simpan-2-bayi-baru-lahir-di-freezer-sampai-tewas-kini-ditahan?page=all
Kompas,"Hashim Djojohadikusumo Ungkap Alasan Petinggi BEI dan OJK Diminta Mundur: Tidak Ada Transparansi                        




                                        Money


13 Februari 2026",https://money.kompas.com/read/2026/02/13/103300426/hashim-djojohadikusumo-ungkap-alasan-petinggi-bei-dan-ojk-diminta-mundur-tidak?page=all
Kompas,"Jelang Mudik Lebaran, TRAC Kenalkan Inovasi Baru                        




                                        Otomotif


13 Februari 2026",https://otomotif.kompas.com/read/2026/02/13/103100115/jelang-mudik-lebaran-trac-kenalkan-inovasi-baru?page=all
Kompas,"Prabowo Beri Penghargaan ke Kepala BGN, Wakapolri hingga Irwasum Polri                        




                                        News


13 Februari 2026",https://nasional.kompas.com/read/2026/02/13/10303851/prabowo-beri-penghargaan-ke-kepala-bgn-wakapolri-hingga-irwasum-polri?page=all
Kompas,"Republik Irlandia Diminta Ajukan Mosi Usai Satu Grup dengan Israel di UEFA Nations League                        




                                        Bola


13 Februari 2026",https://bola.kompas.com/read/2026/02/13/10300638/republik-irlandia-diminta-ajukan-mosi-usai-satu-grup-dengan-israel-di-uefa?page=all
Kompas,"Jumlah Investor Kripto RI 20,19 Juta, INDODAX Catat Transaksi Rp 201 Triliun                        




                                        Money


13 Februari 2026",https://money.kompas.com/read/2026/02/13/102228926/jumlah-investor-kripto-ri-2019-juta-indodax-catat-transaksi-rp-201-triliun?page=all
CNBC,Sidang Tuntutan Anak Riza Chalid Dibacakan Jaksa Hari Ini News 47 detik yang lalu,https://www.cnbcindonesia.com/news/20260213121136-4-710948/sidang-tuntutan-anak-riza-chalid-dibacakan-jaksa-hari-ini
CNBC,Thailand Mau Pangkas Bebas Visa Jadi 30 Hari dari 60 Hari Lifestyle 3 menit yang lalu,https://www.cnbcindonesia.com/lifestyle/20260213110024-33-710919/thailand-mau-pangkas-bebas-visa-jadi-30-hari-dari-60-hari
CNBC,Luhut Ajak Bank Dunia Resmikan Reformasi GovTech RI Tech 8 menit yang lalu,https://www.cnbcindonesia.com/tech/20260213110758-37-710922/luhut-ajak-bank-dunia-resmikan-reformasi-govtech-ri
CNBC,"Dorong Kualitas Hidup, PLN Resmikan Listrik Gratis untuk Warga Seluma News 11 menit yang lalu",https://www.cnbcindonesia.com/news/20260213120039-4-710946/dorong-kualitas-hidup-pln-resmikan-listrik-gratis-untuk-warga-seluma
CNBC,"Produksi Resmi Dipangkas, Gimana Prospek Saham ANTM-NCKL Cs? Research 13 menit yang lalu",https://www.cnbcindonesia.com/research/20260213074110-128-710832/produksi-resmi-dipangkas-gimana-prospek-saham-antm-nckl-cs
CNBC,"Diakui Dunia, Orange Bonds PNM Raih Apresiasi Internasional Market 19 menit yang lalu",https://www.cnbcindonesia.com/market/20260213114845-17-710942/diakui-dunia-orange-bonds-pnm-raih-apresiasi-internasional
CNBC,"Praktik Investor Nakal Tak Hanya di RI, MSCI Bilang India Juga Ada Market 19 menit yang lalu",https://www.cnbcindonesia.com/market/20260213112005-17-710930/praktik-investor-nakal-tak-hanya-di-ri-msci-bilang-india-juga-ada
CNBC,"Raksasa Teknologi Tumbang Satu per Satu, Ini Penyebabnya Tech 23 menit yang lalu",https://www.cnbcindonesia.com/tech/20260213112855-37-710937/raksasa-teknologi-tumbang-satu-per-satu-ini-penyebabnya
CNBC,FOTO Ledakan Pengunjung Pasar Tanah Abang Gara-gara Gamis Bini Orang News 28 menit yang lalu,https://www.cnbcindonesia.com/news/20260212132220-7-710584/ledakan-pengunjung-pasar-tanah-abang-gara-gara-gamis-bini-orang
CNBC,"Bukan Soal Fundamental, Ini Penyebab Pasar Kripto Koreksi di Februari My Money 32 menit yang lalu",https://www.cnbcindonesia.com/mymoney/20260213113908-72-710940/bukan-soal-fundamental-ini-penyebab-pasar-kripto-koreksi-di-februari
CNBC,Luhut Cs Usul ke Prabowo: Pasar Modal RI Belajar dari India News 33 menit yang lalu,https://www.cnbcindonesia.com/news/20260213104308-4-710905/luhut-cs-usul-ke-prabowo-pasar-modal-ri-belajar-dari-india
CNBC,"Revitalisasi Tuntas, Tangki LNG Arun Siap Beroperasi News 38 menit yang lalu",https://www.cnbcindonesia.com/news/20260213111558-4-710928/revitalisasi-tuntas-tangki-lng-arun-siap-beroperasi
CNBC,Video Video: Prabowo: MBG Selamatkan Anak Indonesia & Bisa 80 Juta Penerima News 40 menit yang lalu,https://www.cnbcindonesia.com/news/20260213110930-8-710924/video-prabowo-mbg-selamatkan-anak-indonesia-bisa-80-juta-penerima
CNBC,"FOTO Internasional Potret Lubang Raksasa Ngaga di Pusat Bisnis China, 'Makan' Jalan Raya News 41 menit yang lalu",https://www.cnbcindonesia.com/news/20260213102414-7-710894/potret-lubang-raksasa-ngaga-di-pusat-bisnis-china-makan-jalan-raya
CNBC,Amran Perintahkan Polisi Periksa Pengusaha yang Naikkan Harga Pangan News 48 menit yang lalu,https://www.cnbcindonesia.com/news/20260213111616-4-710929/amran-perintahkan-polisi-periksa-pengusaha-yang-naikkan-harga-pangan
CNBC,"Khawatir Kelebihan Pasokan, Harga Minyak Turun Market 53 menit yang lalu",https://www.cnbcindonesia.com/market/20260213102039-17-710887/khawatir-kelebihan-pasokan-harga-minyak-turun
CNBC,"RI Dalam Ancaman, Luhut: Jangan Semua Cuma Bertengkar Sana Sini! News 59 menit yang lalu",https://www.cnbcindonesia.com/news/20260213111414-4-710927/ri-dalam-ancaman-luhut-jangan-semua-cuma-bertengkar-sana-sini
CNBC,"Bukan Virus Baru, Dokter Imbau Masyarakat Waspada Super Flu Lifestyle 1 jam yang lalu",https://www.cnbcindonesia.com/lifestyle/20260213111047-33-710925/bukan-virus-baru-dokter-imbau-masyarakat-waspada-super-flu
CNBC,Video Video: Sentimen ini Bikin IHSG & Rupiah Memerah Sambut Libur Panjang Market 1 jam yang lalu,https://www.cnbcindonesia.com/market/20260213105642-19-710916/video-sentimen-ini-bikin-ihsg-rupiah-memerah-sambut-libur-panjang
CNBC,"Fakta 62% Warga RI Hidup di Garis Pantai, Luhut: Laut Kita Kuat! News 1 jam yang lalu",https://www.cnbcindonesia.com/news/20260213101127-4-710886/fakta-62-warga-ri-hidup-di-garis-pantai-luhut-laut-kita-kuat
CNBC,"2025, XLSmart (EXCL) Catat Rugi Rp4,42 Triliun Market 1 jam yang lalu",https://www.cnbcindonesia.com/market/20260213105953-17-710918/2025-xlsmart--excl--catat-rugi-rp442-triliun
CNBC,Ambisius! RI Targetkan Pengeboran 100 Sumur Eksplorasi Tahun Ini News 1 jam yang lalu,https://www.cnbcindonesia.com/news/20260213102639-4-710892/ambisius-ri-targetkan-pengeboran-100-sumur-eksplorasi-tahun-ini
CNBC,"Genjot Govtech di RI, Luhut Usul ke Prabowo Pakai Telkom Saja! Tech 1 jam yang lalu",https://www.cnbcindonesia.com/tech/20260213104307-37-710903/genjot-govtech-di-ri-luhut-usul-ke-prabowo-pakai-telkom-saja
CNBC,Luhut Ungkap Asal Usul Sejarah Amerika Suka Perang News 1 jam yang lalu,https://www.cnbcindonesia.com/news/20260213095718-4-710880/luhut-ungkap-asal-usul-sejarah-amerika-suka-perang
CNBC,"Prabowo: Penerima Manfaat MBG Capai 60 Juta, 2 Kali Malaysia Sehari News 1 jam yang lalu",https://www.cnbcindonesia.com/news/20260213105110-4-710907/prabowo-penerima-manfaat-mbg-capai-60-juta-2-kali-malaysia-sehari
CNBC,Prabowo Ungkap Laba BUMN Naik 4 Kali Lipat Dalam Setahun Market 1 jam yang lalu,https://www.cnbcindonesia.com/market/20260213094047-17-710876/prabowo-ungkap-laba-bumn-naik-4-kali-lipat-dalam-setahun
CNBC,"Video Video: Ketahanan Energi, PHE Gali Cadangan Migas Hingga Luar Negeri News 1 jam yang lalu",https://www.cnbcindonesia.com/news/20260213092458-8-710866/video-ketahanan-energi-phe-gali-cadangan-migas-hingga-luar-negeri
CNBC,Prabowo Jamin Defisit APBN Tidak Akan Melebihi Batas 3% Terhadap PDB News 1 jam yang lalu,https://www.cnbcindonesia.com/news/20260213104421-4-710904/prabowo-jamin-defisit-apbn-tidak-akan-melebihi-batas-3-terhadap-pdb
CNBC,"Amran Bikin Gebrakan, Gelar Pangan Murah di 1.218 Lokasi News 1 jam yang lalu",https://www.cnbcindonesia.com/news/20260213103409-4-710901/amran-bikin-gebrakan-gelar-pangan-murah-di-1218-lokasi
CNBC,"Luhut Mau Pakai AI, Bursa Saham Beres, Tarif Pajak Bisa Turun Tech 1 jam yang lalu",https://www.cnbcindonesia.com/tech/20260213102306-37-710893/luhut-mau-pakai-ai-bursa-saham-beres-tarif-pajak-bisa-turun
CNBC,Video Video: Operasi ICE di Minnesota Resmi Dihentikan News 1 jam yang lalu,https://www.cnbcindonesia.com/news/20260213083223-8-710847/video-operasi-ice-di-minnesota-resmi-dihentikan
CNBC,"Lalu Lintas Aset Warga RI Akan Diperketat, Jangan Bocor ke Luar Negeri News 1 jam yang lalu",https://www.cnbcindonesia.com/news/20260213102245-4-710888/lalu-lintas-aset-warga-ri-akan-diperketat-jangan-bocor-ke-luar-negeri
CNBC,Amran Pertaruhkan Jabatan Kalau Harga Pangan Masih Mahal News 1 jam yang lalu,https://www.cnbcindonesia.com/news/20260213095137-4-710879/amran-pertaruhkan-jabatan-kalau-harga-pangan-masih-mahal
CNBC,"Prabowo Curhat Diejek Profesor Saat Luncurkan MBG, Diramal Pasti Gagal News 1 jam yang lalu",https://www.cnbcindonesia.com/news/20260213102625-4-710891/prabowo-curhat-diejek-profesor-saat-luncurkan-mbg-diramal-pasti-gagal
CNBC,"RI Pernah Krisis Paracetamol, Jangan Sampai Terulang! News 1 jam yang lalu",https://www.cnbcindonesia.com/news/20260213102027-4-710890/ri-pernah-krisis-paracetamol-jangan-sampai-terulang
CNBC,"IFG Life dan Mandiri Inhealth Bayar Klaim Rp10,7 Triliun di 2025 Market 1 jam yang lalu",https://www.cnbcindonesia.com/market/20260213092450-17-710864/ifg-life-dan-mandiri-inhealth-bayar-klaim-rp107-triliun-di-2025
CNBC,Video Video: Hamas Sebut Pasukan Gaza RI Tidak Berpihak pada Israel News 1 jam yang lalu,https://www.cnbcindonesia.com/news/20260213083327-8-710848/video-hamas-sebut-pasukan-gaza-ri-tidak-berpihak-pada-israel
CNBC,"Utang Pemerintah RI Dekati Era Covid, Ini Naik Turunnya dalam 10 Tahun Research 1 jam yang lalu",https://www.cnbcindonesia.com/research/20260213092039-128-710870/utang-pemerintah-ri-dekati-era-covid-ini-naik-turunnya-dalam-10-tahun
CNBC,"Duit di Rekening Ludes, Perhatikan Modus Baru Maling M-Banking Tech 1 jam yang lalu",https://www.cnbcindonesia.com/tech/20260213092329-37-710869/duit-di-rekening-ludes-perhatikan-modus-baru-maling-m-banking
CNBC,Luhut Bilang Prabowo & Trump Teken Tarif Dagang RI Pekan Depan News 1 jam yang lalu,https://www.cnbcindonesia.com/news/20260213100302-4-710883/luhut-bilang-prabowo-trump-teken-tarif-dagang-ri-pekan-depan
CNBC,"Utang Pemerintah 40,46% PDB, Tertinggi Empat Tahun Terakhir News 2 jam yang lalu",https://www.cnbcindonesia.com/news/20260213094650-4-710878/utang-pemerintah-4046-pdb-tertinggi-empat-tahun-terakhir
CNBC,Prabowo Anugerahkan Bintang Jasa Utama kepada Bos BGN Dadan Hindayana News 2 jam yang lalu,https://www.cnbcindonesia.com/news/20260213100635-4-710885/prabowo-anugerahkan-bintang-jasa-utama-kepada-bos-bgn-dadan-hindayana
CNBC,Luhut: Ketidakpastian Global Tertinggi Saat Ini Sepanjang Sejarah RI News 2 jam yang lalu,https://www.cnbcindonesia.com/news/20260213100036-4-710884/luhut-ketidakpastian-global-tertinggi-saat-ini-sepanjang-sejarah-ri
CNBC,"Asbes Jadi Sumber Petaka, 4.000 Orang Mati di Kota Beracun Ini Lifestyle 2 jam yang lalu",https://www.cnbcindonesia.com/lifestyle/20260213092459-33-710867/asbes-jadi-sumber-petaka-4000-orang-mati-di-kota-beracun-ini
CNBC,Internasional Geger Politisi Muslim AS Ilhan Omar Serang Trump: Eksekusi Pedofil! News 2 jam yang lalu,https://www.cnbcindonesia.com/news/20260213084200-4-710849/geger-politisi-muslim-as-ilhan-omar-serang-trump-eksekusi-pedofil
CNBC,Video Video: Trump Resmi Cabut Kebijakan Iklim Era Obama News 2 jam yang lalu,https://www.cnbcindonesia.com/news/20260213083118-8-710846/video-trump-resmi-cabut-kebijakan-iklim-era-obama
CNBC,"Toko Perhiasan Tiffany & Co Disegel Bea Cukai, Pengusaha Buka Suara News 2 jam yang lalu",https://www.cnbcindonesia.com/news/20260213091130-4-710862/toko-perhiasan-tiffany-co-disegel-bea-cukai-pengusaha-buka-suara
CNBC,Ahli Harvard Ungkap Minum Kopi Bikin Perempuan Berumur Panjang Lifestyle 2 jam yang lalu,https://www.cnbcindonesia.com/lifestyle/20260212154817-33-710682/ahli-harvard-ungkap-minum-kopi-bikin-perempuan-berumur-panjang
CNBC,"FOTO Potret Sungai Cisadane Tercemar, Warga Dihimbau Tak Konsumsi Air-Ikan News 2 jam yang lalu",https://www.cnbcindonesia.com/news/20260212151217-7-710664/potret-sungai-cisadane-tercemar-warga-dihimbau-tak-konsumsi-air-ikan
CNBC,"RI Ternyata Masih Impor Nikel 15 Juta Ton, ESDM Buka Suara News 2 jam yang lalu",https://www.cnbcindonesia.com/news/20260213085955-4-710861/ri-ternyata-masih-impor-nikel-15-juta-ton-esdm-buka-suara
CNBC,Video Breaking News Video: Prabowo Resmikan SPPG & Gudang Ketahanan Pangan Polri News 2 jam yang lalu,https://www.cnbcindonesia.com/news/20260213093401-8-710872/video-prabowo-resmikan-sppg-gudang-ketahanan-pangan-polri
CNBC,Bos Danantara Bocorkan Kapan Pelita Air Gabung ke Garuda Indonesia Market 2 jam yang lalu,https://www.cnbcindonesia.com/market/20260213085904-17-710860/bos-danantara-bocorkan-kapan-pelita-air-gabung-ke-garuda-indonesia
CNBC,"Ini Bocoran Besaran Dividen Emiten BUMN, Siapa Paling Royal? Research 2 jam yang lalu",https://www.cnbcindonesia.com/research/20260213075011-128-710837/ini-bocoran-besaran-dividen-emiten-bumn-siapa-paling-royal
CNBC,Video Video: Cek Sertipikat Tanah! Yang Terbit 1961-1997 Wajib Update ke BPN News 2 jam yang lalu,https://www.cnbcindonesia.com/news/20260213085606-8-710856/video-cek-sertipikat-tanah-yang-terbit-1961-1997-wajib-update-ke-bpn
CNBC,Breaking News! IHSG Anjlok 1% Market 2 jam yang lalu,https://www.cnbcindonesia.com/market/20260213091441-17-710863/breaking-news-ihsg-anjlok-1
CNBC,Prediksi Awal Puasa Ramadan 2026 Menurut Ahli Astronomi Dunia Lifestyle 2 jam yang lalu,https://www.cnbcindonesia.com/lifestyle/20260211145752-33-710247/prediksi-awal-puasa-ramadan-2026-menurut-ahli-astronomi-dunia
CNBC,Obral Jumbo! Harga Emas Antam Logam Mulia Hari ini Ambruk Rp 43.000 Research 2 jam yang lalu,https://www.cnbcindonesia.com/research/20260213084742-128-710855/obral-jumbo-harga-emas-antam-logam-mulia-hari-ini-ambruk-rp-43000
CNBC,"Produksi Batu Bara BUMI & Adaro Cs Tak Kena Pemangkasan, Ini Alasannya News 3 jam yang lalu",https://www.cnbcindonesia.com/news/20260213082647-4-710853/produksi-batu-bara-bumi-adaro-cs-tak-kena-pemangkasan-ini-alasannya
CNBC,Breaking! Rupiah Dibuka Menguat ke Rp16.805 Market 3 jam yang lalu,https://www.cnbcindonesia.com/market/20260213082550-17-710845/breaking-rupiah-dibuka-menguat-ke-rp16805
CNBC,"Breaking: IHSG Lesu Pagi Ini, Dibuka Turun 0,3% Jelang Libur Panjang Market 3 jam yang lalu",https://www.cnbcindonesia.com/market/20260213081313-17-710842/breaking-ihsg-lesu-pagi-ini-dibuka-turun-03-jelang-libur-panjang
CNBC,Shopee Affiliate Perkuat Ketenagakerjaan dan Tekan Pengangguran Tech 3 jam yang lalu,https://www.cnbcindonesia.com/tech/20260213083845-37-710850/shopee-affiliate-perkuat-ketenagakerjaan-dan-tekan-pengangguran
CNBC,"Total Utang Pemerintah Rp9.638 T di Akhir 2025, Capai 40,46% dari PDB News 3 jam yang lalu",https://www.cnbcindonesia.com/news/20260213085145-4-710854/total-utang-pemerintah-rp9638-t-di-akhir-2025-capai-4046-dari-pdb
CNBC,Pertamina Sosialisasi Penggunaan LPG Aman Bagi Rumah Tangga-UMKM News 3 jam yang lalu,https://www.cnbcindonesia.com/news/20260213085717-4-710857/pertamina-sosialisasi-penggunaan-lpg-aman-bagi-rumah-tangga-umkm
CNBC,"Krisis 2026 Harga Komputer Melejit, Merek China Ini Malah Diskon Besar Tech 3 jam yang lalu",https://www.cnbcindonesia.com/tech/20260213074941-37-710835/krisis-2026-harga-komputer-melejit-merek-china-ini-malah-diskon-besar
CNBC,"IHSG Melemah Jelang Libur Panjang, Ini 5 Saham Rekomendasi Hari Ini Market 3 jam yang lalu",https://www.cnbcindonesia.com/market/20260213082333-17-710844/ihsg-melemah-jelang-libur-panjang-ini-5-saham-rekomendasi-hari-ini
CNBC,"Harga Emas Galeri 24, UBS, Antam & Antam Retro Hari Ini 13 Februari Research 3 jam yang lalu",https://www.cnbcindonesia.com/research/20260213084803-128-710851/harga-emas-galeri-24-ubs-antam-antam-retro-hari-ini-13-februari
CNBC,"Kerjaan Risiko Tinggi, Ternyata Segini Gaji Debt Collector dan Matel Market 3 jam yang lalu",https://www.cnbcindonesia.com/market/20260213080518-17-710839/kerjaan-risiko-tinggi-ternyata-segini-gaji-debt-collector-dan-matel
CNBC,"Internasional Hamas Respons RI Kirim Pasukan Perdamaian ISF ke Gaza, Tegaskan Ini News 3 jam yang lalu",https://www.cnbcindonesia.com/news/20260213075009-4-710836/hamas-respons-ri-kirim-pasukan-perdamaian-isf-ke-gaza-tegaskan-ini
CNBC,"RKAB Batu Bara 2026 Dipangkas, Adaro-BUMI Cs Masuk Zona Aman Research 3 jam yang lalu",https://www.cnbcindonesia.com/research/20260213073819-128-710830/rkab-batu-bara-2026-dipangkas-adaro-bumi-cs-masuk-zona-aman
CNBC,Ini Daftar Perusahaan yang Produksi Batu Baranya Tak Dipangkas! News 3 jam yang lalu,https://www.cnbcindonesia.com/news/20260213080603-4-710840/ini-daftar-perusahaan-yang-produksi-batu-baranya-tak-dipangkas
CNBC,"Investor Cemas Soal AI, Pasar Asia Tertekan Pagi Ini Market 3 jam yang lalu",https://www.cnbcindonesia.com/market/20260213080143-17-710838/investor-cemas-soal-ai-pasar-asia-tertekan-pagi-ini
CNBC,"Aplikasi MBA Tipu Ribuan Orang Rugi Puluhan Juta, Begini Modusnya Tech 3 jam yang lalu",https://www.cnbcindonesia.com/tech/20260213074328-37-710833/aplikasi-mba-tipu-ribuan-orang-rugi-puluhan-juta-begini-modusnya
CNBC,"Prabowo, Airlangga & CEO Danantara Bagikan Update Ekonomi RI Siang Ini News 4 jam yang lalu",https://www.cnbcindonesia.com/news/20260213073827-4-710831/prabowo-airlangga-ceo-danantara-bagikan-update-ekonomi-ri-siang-ini
CNBC,FOTO Internasional Citra Satelit Ungkap AS Diam-Diam Pasang Rudal-Jet Tempur Kepung Iran News 4 jam yang lalu,https://www.cnbcindonesia.com/news/20260213064505-7-710816/citra-satelit-ungkap-as-diam-diam-pasang-rudal-jet-tempur-kepung-iran
CNBC,"Bursa Minta Penjelasan DADA Soal Uang Muka, Ada Apa? Market 4 jam yang lalu",https://www.cnbcindonesia.com/market/20260213072443-17-710828/bursa-minta-penjelasan-dada-soal-uang-muka-ada-apa
CNBC,Daftar Negara yang Larang Warganya Rayakan Hari Valentine Lifestyle 4 jam yang lalu,https://www.cnbcindonesia.com/lifestyle/20260212162409-33-710698/daftar-negara-yang-larang-warganya-rayakan-hari-valentine
CNBC,"Hadirkan Big Ramadan Sale 2026, Shopee Selaraskan Tradisi & Modernitas Tech 4 jam yang lalu",https://www.cnbcindonesia.com/tech/20260212185025-37-710762/hadirkan-big-ramadan-sale-2026-shopee-selaraskan-tradisi-modernitas
CNBC,"Begini Sistem Penilaian Baru PNS Buat Naik Gaji, Promosi hingga Mutasi News 4 jam yang lalu",https://www.cnbcindonesia.com/news/20260213072405-4-710827/begini-sistem-penilaian-baru-pns-buat-naik-gaji-promosi-hingga-mutasi
CNBC,"Miris Penjualan Mobil RI, Tak Pernah 100.000 Unit Sejak Januari 2025 News 4 jam yang lalu",https://www.cnbcindonesia.com/news/20260212203513-4-710797/miris-penjualan-mobil-ri-tak-pernah-100000-unit-sejak-januari-2025
CNBC,Asing Diam-Diam Akumulasi Saham Ini Saat IHSG Koreksi Market 4 jam yang lalu,https://www.cnbcindonesia.com/market/20260213071209-17-710826/asing-diam-diam-akumulasi-saham-ini-saat-ihsg-koreksi
CNBC,"Breaking! Harga Emas Ambruk: Jatuh 3% dalam 24 Jam, Balik ke US$4.900 Research 4 jam yang lalu",https://www.cnbcindonesia.com/research/20260213064725-128-710813/breaking-harga-emas-ambruk-jatuh-3-dalam-24-jam-balik-ke-us-4900
CNBC,"Internasional Isu Drone Memanas, Korut Ancam Respons Keras ke Korsel News 4 jam yang lalu",https://www.cnbcindonesia.com/news/20260213070913-4-710825/isu-drone-memanas-korut-ancam-respons-keras-ke-korsel
CNBC,"Asing Net Sell Jumbo Rp 1,49 T, BBCA Jadi Sasaran Utama Market 5 jam yang lalu",https://www.cnbcindonesia.com/market/20260213064832-17-710815/asing-net-sell-jumbo-rp-149-t-bbca-jadi-sasaran-utama
CNBC,"Internasional Siaga 2 Raksasa Asia Makin Panas, Jepang Tangkap Kapal China News 5 jam yang lalu",https://www.cnbcindonesia.com/news/20260213064438-4-710811/siaga-2-raksasa-asia-makin-panas-jepang-tangkap-kapal-china
CNBC,"Daftar Negara dengan IQ Tertinggi dan Terendah di Dunia, Ada Indonesia Lifestyle 5 jam yang lalu",https://www.cnbcindonesia.com/lifestyle/20260212165412-33-710721/daftar-negara-dengan-iq-tertinggi-dan-terendah-di-dunia-ada-indonesia
CNBC,Mensos Klaim Data Error DTSEN Berkurang Signifikan News 5 jam yang lalu,https://www.cnbcindonesia.com/news/20260213064820-4-710814/mensos-klaim-data-error-dtsen-berkurang-signifikan
CNBC,Trump Turun Tangan: Harga Batu Bara Langsung Terbang Tertinggi Setahun Research 5 jam yang lalu,https://www.cnbcindonesia.com/research/20260213063205-128-710812/trump-turun-tangan-harga-batu-bara-langsung-terbang-tertinggi-setahun
CNBC,"Internasional AS-Taiwan Sepakati Tarif Baru, Taipei Janji Beli Miliaran Barang AS News 5 jam yang lalu",https://www.cnbcindonesia.com/news/20260213061218-4-710810/as-taiwan-sepakati-tarif-baru-taipei-janji-beli-miliaran-barang-as
CNBC,"Foto Internasional Potret Saat 'Alam Marah' & Hancurkan 1 Kota, Semua Porak-poranda News 5 jam yang lalu",https://www.cnbcindonesia.com/news/20260213060617-7-710802/potret-saat-alam-marah-hancurkan-1-kota-semua-porak-poranda
CNBC,"NEWSLETTER Jelang Libur Panjang: Prabowo Buka Suara Soal Moody's, Pasar Siaga? Research 5 jam yang lalu",https://www.cnbcindonesia.com/research/20260212161048-128-710729/jelang-libur-panjang-prabowo-buka-suara-soal-moodys-pasar-siaga
CNBC,Internasional Dua Tetangga Buka Perbatasan Usai 15 Tahun Dihantui Teror News 5 jam yang lalu,https://www.cnbcindonesia.com/news/20260213001228-4-710800/dua-tetangga-buka-perbatasan-usai-15-tahun-dihantui-teror
CNBC,"Internasional Timteng Panas! Israel Serang Negara Arab, 1 Tewas News 6 jam yang lalu",https://www.cnbcindonesia.com/news/20260213055952-4-710801/timteng-panas-israel-serang-negara-arab-1-tewas
CNBC,"Internasional Sarankan 'Impor Gadis ASEAN', Pejabat Korsel Dikecam & Disanksi News 6 jam yang lalu",https://www.cnbcindonesia.com/news/20260212232116-4-710799/sarankan-impor-gadis-asean-pejabat-korsel-dikecam-disanksi
CNBC,FOTO Refleksi Diri Lewat Pameran Penanganan Sampah di Jakarta News 6 jam yang lalu,https://www.cnbcindonesia.com/news/20260212201539-7-710784/refleksi-diri-lewat-pameran-penanganan-sampah-di-jakarta
CNBC,"FOTO Internasional Ribuan Massa Pro-Palestina Kepung Tetangga RI, Desak Hentikan Perang News 7 jam yang lalu",https://www.cnbcindonesia.com/news/20260212175815-7-710757/ribuan-massa-pro-palestina-kepung-tetangga-ri-desak-hentikan-perang
CNBC,"Internasional Perang Tinggal ""Sejengkal"", Trump Tambah Kapal Induk Kepung Iran News 14 jam yang lalu",https://www.cnbcindonesia.com/news/20260212125335-4-710568/perang-tinggal-sejengkal-trump-tambah-kapal-induk-kepung-iran
CNBC,"FOTO Internasional Potret Penerus Kim Jong Un, Ditempa Jadi Pemimpin Tertinggi Korut News 14 jam yang lalu",https://www.cnbcindonesia.com/news/20260212162834-7-710701/potret-penerus-kim-jong-un-ditempa-jadi-pemimpin-tertinggi-korut
CNBC,"Internasional Presiden Ini Warning ""Aneksasi"" China, Negara Lain Bisa Jadi Target News 14 jam yang lalu",https://www.cnbcindonesia.com/news/20260212135152-4-710617/presiden-ini-warning-aneksasi-china-negara-lain-bisa-jadi-target
CNBC,"Internasional Eropa Terancam Sekarat, Para Pemimpin UE Gelar Rapat Darurat News 14 jam yang lalu",https://www.cnbcindonesia.com/news/20260212151439-4-710665/eropa-terancam-sekarat-para-pemimpin-ue-gelar-rapat-darurat
CNBC,"Gempa Besar M6,6 Hantam Chili, BMKG: Dangkal-Lokasi di Darat News 14 jam yang lalu",https://www.cnbcindonesia.com/news/20260212211815-4-710798/gempa-besar-m66-hantam-chili-bmkg-dangkal-lokasi-di-darat
